GROUPs,1:头像框,2:动态卡片,3点赞效果,4表情,5表情包,6main,7空间背景,8勋章,9皮肤,10加载动画,11进度条装扮,12test,13NFT
,,,,,,0,,,,,,,
,,,1,,,,,,,,,,
,,3,,,,,,,,,,,
,,4,,,,,,,,,,,
,,5,,,,,,,,,,,
,,6,,,,,,,,,,,
Part0-Part1 散装表情&表情包,,,,7,8,,,,,,,,
头像框,10,,,,,,,,,,,,
头像框,19,,,,,,,,,,,,
头像框,21,,,,,,,,,,,,
头像框,22,,,,,,,,,,,,
头像框,23,,,,,,,,,,,,
,,,,,,,29,,,,,,
,,35,,,,,,,,,,,
,,,36,,,,37,,45,,,,
,,,,,,39,,,,,,,
,,,,,,,,,,,,,
,,,,,,,,,40,,,,
test,,,,,,,,,41,,,,
,43,,,,,,,,,,,,
第三方设计公司？,,,,,,46,,,,,,,
VTB+VUP+Vocaloid,,,,,,47,,,,54,56,,
游戏+比赛队员（ANY.游戏区）,,,,,,49,,,,,,,
,,,,,,,,,,50,,,
Super大会员,51,52,,,,,,53,,,,,
动漫+动画,,,,,,57,,,,,,,
test,,,,,,,,,,,,63,
NFT:数字藏品,,,,,,,,,,,,,64
,,,,,,65,,,,,,,
NFT:收藏集,,106,,,,,,66,,,,,
电视剧+电影,,,,,,67,,,,,,,
装扮小姐姐,,,,,,69,,,,,,,
bili ,,,,,,70,,,,,,,
愚人节,,,,,,74,,,,,,,
,,,,,,76,,,,,,,
境外-竞技类运动,,,,,,101,,,,,,,
,,,,,,104,,,,,,,
